Zeit (s),HR roh,HR gefiltert,RR roh,RR gefiltert,RMSE_HR,RMSE_RR,Verbesserung_HR (%),Verbesserung_RR (%)
0.0,103.10799470347551,102.69387149181988,23.62225370088559,23.729242347681506,1.753217216754589,0.446637932493666,64.09625760157375,64.60312523287382
0.3,98.8019843092279,100.63449270098536,26.152668793977988,25.200977812349144,1.753217216754589,0.446637932493666,64.09625760157375,64.60312523287382
0.6,119.82525093641266,110.05996108650183,25.64109441418277,25.682393249897874,1.753217216754589,0.446637932493666,64.09625760157375,64.60312523287382
0.8999999999999999,98.38487595576899,105.68266334864164,25.15139926763258,25.588168544313234,1.753217216754589,0.446637932493666,64.09625760157375,64.60312523287382
1.2,97.9878755803175,102.26389941355731,26.254407500251887,26.079990065258393,1.753217216754589,0.446637932493666,64.09625760157375,64.60312523287382
1.5,101.80318447482288,101.73516277339716,24.481711531747006,25.480309483914144,1.753217216754589,0.446637932493666,64.09625760157375,64.60312523287382
1.7999999999999998,102.38525230936106,101.6762656809777,23.78370341226303,24.78794737340077,1.753217216754589,0.446637932493666,64.09625760157375,64.60312523287382
2.1,102.07602485292477,101.54936212490706,25.649883622405785,25.091940668510592,1.753217216754589,0.446637932493666,64.09625760157375,64.60312523287382
2.4,100.93950378215945,101.07525463411099,26.21687156607614,25.507765433923854,1.753217216754589,0.446637932493666,64.09625760157375,64.60312523287382
2.6999999999999997,102.71397359618825,101.35061928601533,25.969308918955637,25.712703689695736,1.753217216754589,0.446637932493666,64.09625760157375,64.60312523287382
3.0,95.91665456551097,99.44130751214821,25.593291036079528,25.738757337804177,1.753217216754589,0.446637932493666,64.09625760157375,64.60312523287382
3.3,99.55416487970048,99.09960719840572,25.74452351113104,25.79948135595741,1.753217216754589,0.446637932493666,64.09625760157375,64.60312523287382
3.5999999999999996,100.40184730361844,99.0940485201966,25.456012495390215,25.76317320985447,1.753217216754589,0.446637932493666,64.09625760157375,64.60312523287382
3.9,97.62099101576445,98.37894870497519,27.81182030100052,26.344484503268962,1.753217216754589,0.446637932493666,64.09625760157375,64.60312523287382
4.2,101.75689913613425,98.86440963821568,27.34086898936943,26.682971017007723,1.753217216754589,0.446637932493666,64.09625760157375,64.60312523287382
4.5,102.68478823340544,99.49108652037114,24.915162163823123,26.383262213520336,1.753217216754589,0.446637932493666,64.09625760157375,64.60312523287382
4.8,98.95653969222191,99.15944724087365,25.02291700314401,26.160511578027247,1.753217216754589,0.446637932493666,64.09625760157375,64.60312523287382
5.1,102.40266747067449,99.65816648111173,26.424080806804547,26.27307973019188,1.753217216754589,0.446637932493666,64.09625760157375,64.60312523287382
5.3999999999999995,123.38982502345934,104.55586989326353,26.23352416699965,26.32504976186209,1.753217216754589,0.446637932493666,64.09625760157375,64.60312523287382
5.7,99.01515720152366,103.61699900947443,25.225006035797758,26.167737393192716,1.753217216754589,0.446637932493666,64.09625760157375,64.60312523287382
6.0,103.17170329376292,103.65072009493355,26.44077070874775,26.263480435862885,1.753217216754589,0.446637932493666,64.09625760157375,64.60312523287382
6.3,100.74380137888974,103.19452099789063,25.70378364330424,26.207430927185705,1.753217216754589,0.446637932493666,64.09625760157375,64.60312523287382
6.6,94.57776018409632,101.6085852569512,26.504304599405902,26.300419687245835,1.753217216754589,0.446637932493666,64.09625760157375,64.60312523287382
6.8999999999999995,98.24108352703834,100.93114769028469,28.72508468271721,26.765638327488734,1.753217216754589,0.446637932493666,64.09625760157375,64.60312523287382
7.199999999999999,83.17701460312128,97.53807292719397,25.81619362202087,26.673135229014207,1.753217216754589,0.446637932493666,64.09625760157375,64.60312523287382
7.5,93.8707265728662,96.55720560386642,26.937760081860617,26.775632112147584,1.753217216754589,0.446637932493666,64.09625760157375,64.60312523287382
7.8,94.40905625795082,95.8185729900821,26.239013841509845,26.748610309626105,1.753217216754589,0.446637932493666,64.09625760157375,64.60312523287382
8.1,99.34516126373292,96.08522727666087,26.95357119121043,26.836334651770006,1.753217216754589,0.446637932493666,64.09625760157375,64.60312523287382
8.4,99.26209421167228,96.3322245839845,27.333779542356417,26.971359496118204,1.753217216754589,0.446637932493666,64.09625760157375,64.60312523287382
8.7,98.62214400835536,96.46055191094045,27.114557288563308,27.05426101655438,1.753217216754589,0.446637932493666,64.09625760157375,64.60312523287382
9.0,98.54803777628419,96.58227452950797,26.99943508476669,27.107127516495247,1.753217216754589,0.446637932493666,64.09625760157375,64.60312523287382
9.299999999999999,97.53452529146062,96.5306829263791,28.23138173034648,27.33928624741724,1.753217216754589,0.446637932493666,64.09625760157375,64.60312523287382
9.6,96.3777438592365,96.298656034703,25.744319427737683,27.16744388805008,1.753217216754589,0.446637932493666,64.09625760157375,64.60312523287382
9.9,99.39945404864959,96.63837357722369,26.13534139783483,27.066971268584997,1.753217216754589,0.446637932493666,64.09625760157375,64.60312523287382
10.2,96.49406315062001,96.44869502310553,26.65065448010418,27.04977188737197,1.753217216754589,0.446637932493666,64.09625760157375,64.60312523287382
10.5,98.5530364931389,96.65277287600382,27.945527055925332,27.224045643352802,1.753217216754589,0.446637932493666,64.09625760157375,64.60312523287382
10.799999999999999,100.10523720913552,97.11921324961499,27.685007335866562,27.340884962261306,1.753217216754589,0.446637932493666,64.09625760157375,64.60312523287382
11.1,98.96039477470943,97.34690373944751,25.98505516959348,27.192714177487073,1.753217216754589,0.446637932493666,64.09625760157375,64.60312523287382
11.4,95.15459322683539,96.89402427216719,26.35808647964019,27.10936033416997,1.753217216754589,0.446637932493666,64.09625760157375,64.60312523287382
11.7,96.91295138372972,96.80186348277955,26.334193726002532,27.027246787137774,1.753217216754589,0.446637932493666,64.09625760157375,64.60312523287382
12.0,98.49023404653173,97.00233587787854,27.659775004614964,27.144715388888738,1.753217216754589,0.446637932493666,64.09625760157375,64.60312523287382
12.299999999999999,94.62331520228722,96.51515635342525,27.608870184172215,27.242718266222553,1.753217216754589,0.446637932493666,64.09625760157375,64.60312523287382
12.6,102.41361039648592,97.44354844353859,27.493066449214353,27.31314488207308,1.753217216754589,0.446637932493666,64.09625760157375,64.60312523287382
12.9,96.7553593706604,97.29535537728445,27.390743166889266,27.360141475180708,1.753217216754589,0.446637932493666,64.09625760157375,64.60312523287382
13.2,95.30650263933958,96.91271920525298,27.31223847494407,27.389107934605523,1.753217216754589,0.446637932493666,64.09625760157375,64.60312523287382
13.5,94.729525873508,96.47312749924214,26.651173864443667,27.316476402722884,1.753217216754589,0.446637932493666,64.09625760157375,64.60312523287382
13.799999999999999,109.22373407412466,98.61115600466641,26.77490101519444,27.2656844904746,1.753217216754589,0.446637932493666,64.09625760157375,64.60312523287382
14.1,96.49924435743038,98.31148344388238,27.420570829812238,27.311534229363012,1.753217216754589,0.446637932493666,64.09625760157375,64.60312523287382
14.399999999999999,96.96053672650407,98.11838150570595,27.46981436410116,27.359003566416003,1.753217216754589,0.446637932493666,64.09625760157375,64.60312523287382
14.7,95.61862626913938,97.7084210004488,24.70827613843084,26.997554002050972,1.753217216754589,0.446637932493666,64.09625760157375,64.60312523287382
15.0,94.20846331389481,97.09410780855886,27.16899188599635,27.024422130789155,1.753217216754589,0.446637932493666,64.09625760157375,64.60312523287382
15.299999999999999,93.55739729523384,96.4319155222125,25.22934428531434,26.76573463095544,1.753217216754589,0.446637932493666,64.09625760157375,64.60312523287382
15.6,97.7341182504651,96.5717192400553,25.744805724731766,26.604166154960172,1.753217216754589,0.446637932493666,64.09625760157375,64.60312523287382
15.899999999999999,95.10572150547664,96.2458023333853,26.5726414458302,26.578132075060932,1.753217216754589,0.446637932493666,64.09625760157375,64.60312523287382
16.2,92.47721295186858,95.50222751467935,25.415788259801754,26.386980776359863,1.753217216754589,0.446637932493666,64.09625760157375,64.60312523287382
16.5,94.09159884980016,95.12610549866773,27.302831730978582,26.48913178885958,1.753217216754589,0.446637932493666,64.09625760157375,64.60312523287382
16.8,98.05885651720553,95.49202257416881,26.11200188166396,26.41096611256327,1.753217216754589,0.446637932493666,64.09625760157375,64.60312523287382
17.099999999999998,96.30935966461061,95.52618011923659,25.607973219981325,26.26754840957938,1.753217216754589,0.446637932493666,64.09625760157375,64.60312523287382
17.4,92.95374516039927,94.98088550578447,24.73711954492239,26.011132433970214,1.753217216754589,0.446637932493666,64.09625760157375,64.60312523287382
17.7,95.64905216957338,94.971168965034,27.28727352462116,26.151199841162786,1.753217216754589,0.446637932493666,64.09625760157375,64.60312523287382
18.0,94.09924388869636,94.70282083706756,25.552560711076737,26.02936644401788,1.753217216754589,0.446637932493666,64.09625760157375,64.60312523287382
18.3,91.87439599186337,94.08487244622101,24.70575544427624,25.796789221225385,1.753217216754589,0.446637932493666,64.09625760157375,64.60312523287382
18.599999999999998,90.53125557168131,93.30879960857793,23.858652584196182,25.4632427156558,1.753217216754589,0.446637932493666,64.09625760157375,64.60312523287382
18.9,93.52374213651818,93.14949798944559,24.41543126140121,25.243060187797813,1.753217216754589,0.446637932493666,64.09625760157375,64.60312523287382
19.2,,92.91773467568319,25.29806271685776,25.175281701660733,1.753217216754589,0.446637932493666,64.09625760157375,64.60312523287382
19.5,91.69949302376071,92.48609376478325,20.17175612693079,24.37049161781051,1.753217216754589,0.446637932493666,64.09625760157375,64.60312523287382
19.8,91.54181754120874,92.10159315465576,22.287490591829517,23.948554221368642,1.753217216754589,0.446637932493666,64.09625760157375,64.60312523287382
20.099999999999998,89.02495810214451,91.30495382677027,23.41257066854163,23.735229689808385,1.753217216754589,0.446637932493666,64.09625760157375,64.60312523287382
20.4,134.41287521355824,99.10746010919267,23.89417018186067,23.619988364939722,1.753217216754589,0.446637932493666,64.09625760157375,64.60312523287382
20.7,92.44085442716172,98.16852317288011,22.703909520325958,23.350694706261176,1.753217216754589,0.446637932493666,64.09625760157375,64.60312523287382
21.0,92.02654419772878,97.25733109499438,22.984140721760312,23.15491356337716,1.753217216754589,0.446637932493666,64.09625760157375,64.60312523287382
21.3,92.51680157440491,96.5329783544288,23.485575680127056,23.059114613101208,1.753217216754589,0.446637932493666,64.09625760157375,64.60312523287382
21.599999999999998,92.4083326088448,95.86698807672065,23.83835168147398,23.03318238410518,1.753217216754589,0.446637932493666,64.09625760157375,64.60312523287382
21.9,93.3580209281041,95.44103590558382,23.113322111140405,22.913550151797764,1.753217216754589,0.446637932493666,64.09625760157375,64.60312523287382
22.2,90.22359105875023,94.51108281635983,24.85642904338887,23.067806425123816,1.753217216754589,0.446637932493666,64.09625760157375,64.60312523287382
22.5,90.19711701630217,93.68095682945314,24.503466579124257,23.166525391061473,1.753217216754589,0.446637932493666,64.09625760157375,64.60312523287382
22.8,92.60304704438083,93.36837278374807,22.632971300592207,22.99169976349538,1.753217216754589,0.446637932493666,64.09625760157375,64.60312523287382
23.099999999999998,89.52328971707195,92.56200582022967,22.961989447773426,22.886690698289357,1.753217216754589,0.446637932493666,64.09625760157375,64.60312523287382
23.4,89.42756955088532,91.83666207177772,22.869074412473108,22.78422439619483,1.753217216754589,0.446637932493666,64.09625760157375,64.60312523287382
23.7,90.90910065308239,91.46175010245412,22.595160812141295,22.65761677243339,1.753217216754589,0.446637932493666,64.09625760157375,64.60312523287382
24.0,91.55865536114723,91.25746923139562,23.357709282556876,22.660110988639847,1.753217216754589,0.446637932493666,64.09625760157375,64.60312523287382
24.3,89.77407339269402,90.782145335883,20.64036400806138,22.272930654666624,1.753217216754589,0.446637932493666,64.09625760157375,64.60312523287382
24.599999999999998,90.83567834295633,90.56014419551961,24.021053034313674,22.418692864318626,1.753217216754589,0.446637932493666,64.09625760157375,64.60312523287382
24.9,90.58980971297593,90.33794852141384,22.48649405044771,22.335817695225618,1.753217216754589,0.446637932493666,64.09625760157375,64.60312523287382
25.2,92.10995778625522,90.42303248739833,23.14613977644173,22.362848112050866,1.753217216754589,0.446637932493666,64.09625760157375,64.60312523287382
25.5,90.80297722104997,90.28978717103456,22.378715857369947,22.28204495400344,1.753217216754589,0.446637932493666,64.09625760157375,64.60312523287382
25.8,132.26051089729415,97.41371975303774,23.933690417692304,22.44093297329028,1.753217216754589,0.446637932493666,64.09625760157375,64.60312523287382
26.099999999999998,92.90456882371176,96.93700941209426,23.717520995161767,22.56051640548511,1.753217216754589,0.446637932493666,64.09625760157375,64.60312523287382
26.4,89.51661562131083,95.89470003788539,22.87522884377484,22.551697958661418,1.753217216754589,0.446637932493666,64.09625760157375,64.60312523287382
26.7,92.36801240629548,95.43939742842248,,22.49151828976564,1.753217216754589,0.446637932493666,64.09625760157375,64.60312523287382
27.0,91.199638157107,94.81557837164095,23.34629865887265,22.583473233741266,1.753217216754589,0.446637932493666,64.09625760157375,64.60312523287382
27.3,90.79824274009056,94.17851921577216,21.842081919387034,22.42157135448972,1.753217216754589,0.446637932493666,64.09625760157375,64.60312523287382
27.599999999999998,88.92624689630607,93.2775559127717,22.394174617775636,22.368999122028978,1.753217216754589,0.446637932493666,64.09625760157375,64.60312523287382
27.9,92.21848144055775,93.04503263736211,18.545030111497454,21.722157419944914,1.753217216754589,0.446637932493666,64.09625760157375,64.60312523287382
28.2,70.02636435955829,88.97257725202728,23.150010841173152,21.85983384525121,1.753217216754589,0.446637932493666,64.09625760157375,64.60312523287382
28.5,88.52548925859743,88.5624165814594,22.64224189196908,21.910080329294917,1.753217216754589,0.446637932493666,64.09625760157375,64.60312523287382
28.799999999999997,90.92604645835864,88.64165304148494,23.058797350505618,22.02212245943702,1.753217216754589,0.446637932493666,64.09625760157375,64.60312523287382
29.099999999999998,89.74466114067066,88.53398371485842,22.737360313001886,22.078600126024654,1.753217216754589,0.446637932493666,64.09625760157375,64.60312523287382
29.4,92.19182266722107,88.88899201050798,22.75152385360571,22.13488881445018,1.753217216754589,0.446637932493666,64.09625760157375,64.60312523287382
29.7,90.55570055345983,88.94442230807846,24.007145025999574,22.374657045741216,1.753217216754589,0.446637932493666,64.09625760157375,64.60312523287382
30.0,87.9983250652348,88.56764337211216,22.456516636122792,22.366032100266143,1.753217216754589,0.446637932493666,64.09625760157375,64.60312523287382
30.299999999999997,92.3589333280424,89.0082815051552,21.51400140700559,22.22096281121119,1.753217216754589,0.446637932493666,64.09625760157375,64.60312523287382
30.599999999999998,90.43439006176942,89.08487667685752,23.074591243800228,22.319115842143468,1.753217216754589,0.446637932493666,64.09625760157375,64.60312523287382
30.9,89.86571759406637,89.0684110672367,23.72736186610694,22.506032546556305,1.753217216754589,0.446637932493666,64.09625760157375,64.60312523287382
31.2,91.82614515428205,89.40789019151751,24.58816104625795,22.803807719929857,1.753217216754589,0.446637932493666,64.09625760157375,64.60312523287382
31.5,89.21437604113626,89.26783581460133,23.798016057528645,22.960729429919255,1.753217216754589,0.446637932493666,64.09625760157375,64.60312523287382
31.799999999999997,92.3661517306359,89.7006257396901,22.923698428527793,22.975608988822906,1.753217216754589,0.446637932493666,64.09625760157375,64.60312523287382
32.1,89.50435369670296,89.59762253012092,22.182077886005125,22.87953259393146,1.753217216754589,0.446637932493666,64.09625760157375,64.60312523287382
32.4,91.74105898643322,89.9009725138876,22.527773517365706,22.840755797050193,1.753217216754589,0.446637932493666,64.09625760157375,64.60312523287382
32.699999999999996,89.54181713310119,89.79468607803658,24.08262503927618,23.031298048556994,1.753217216754589,0.446637932493666,64.09625760157375,64.60312523287382
33.0,87.82586916933204,89.40428771169371,23.5703537645136,23.13014256637203,1.753217216754589,0.446637932493666,64.09625760157375,64.60312523287382
33.3,88.21822370356652,89.1276039679909,23.244386322359453,23.171548161143967,1.753217216754589,0.446637932493666,64.09625760157375,64.60312523287382
33.6,89.05583688944323,89.03201650412069,25.19794009982061,23.492756425998987,1.753217216754589,0.446637932493666,64.09625760157375,64.60312523287382
33.9,89.69891358627717,89.06548012337309,23.579901455607196,23.548594779440627,1.753217216754589,0.446637932493666,64.09625760157375,64.60312523287382
34.199999999999996,89.2018903347513,89.01560990569105,23.623443954331165,23.602962694638812,1.753217216754589,0.446637932493666,64.09625760157375,64.60312523287382
34.5,88.14075432640556,88.79220818519607,25.219147670529235,23.88252963009834,1.753217216754589,0.446637932493666,64.09625760157375,64.60312523287382
34.8,86.94102255272665,88.3893260928838,24.24799473078723,23.99336195341171,1.753217216754589,0.446637932493666,64.09625760157375,64.60312523287382
35.1,85.9241728447959,87.85865437769266,24.576499021056705,24.138607784040875,1.753217216754589,0.446637932493666,64.09625760157375,64.60312523287382
35.4,90.27190906176719,88.15022474116053,24.90075767957484,24.314520892493505,1.753217216754589,0.446637932493666,64.09625760157375,64.60312523287382
35.699999999999996,83.6897505398467,87.27456893391778,24.154050510712846,24.36180531952011,1.753217216754589,0.446637932493666,64.09625760157375,64.60312523287382
36.0,86.0009433097395,86.90269783326245,25.916856401494396,24.657395769971185,1.753217216754589,0.446637932493666,64.09625760157375,64.60312523287382
36.3,88.98787370361804,87.10312349404752,24.816679797351664,24.76224162468306,1.753217216754589,0.446637932493666,64.09625760157375,64.60312523287382
36.6,86.89781767723997,86.93152505981423,24.651629494356765,24.828248019500705,1.753217216754589,0.446637932493666,64.09625760157375,64.60312523287382
36.9,83.77945116507034,86.2459837121277,24.788157400659006,24.90272362381609,1.753217216754589,0.446637932493666,64.09625760157375,64.60312523287382
37.199999999999996,91.97641101180747,87.07273172287854,25.427835083513628,25.05852527504625,1.753217216754589,0.446637932493666,64.09625760157375,64.60312523287382
37.5,82.86222414543609,86.23778078649508,24.747268828717782,25.09605163034617,1.753217216754589,0.446637932493666,64.09625760157375,64.60312523287382
37.8,,86.05638036680458,25.29684862275292,25.204720231337365,1.753217216754589,0.446637932493666,64.09625760157375,64.60312523287382
38.1,87.36055845426446,86.17597535721907,26.11785293198758,25.418319570980533,1.753217216754589,0.446637932493666,64.09625760157375,64.60312523287382
38.4,90.24991811034774,86.84833004219074,25.765495240758348,25.556537184762085,1.753217216754589,0.446637932493666,64.09625760157375,64.60312523287382
38.699999999999996,87.04886582751374,86.81380238891343,25.7796385889405,25.678803863653304,1.753217216754589,0.446637932493666,64.09625760157375,64.60312523287382
39.0,89.41900374855577,87.23065902175524,25.10587112965295,25.6859281351046,1.753217216754589,0.446637932493666,64.09625760157375,64.60312523287382
39.3,93.14406287058735,88.27886139016057,25.89343679851452,25.80096496157975,1.753217216754589,0.446637932493666,64.09625760157375,64.60312523287382
39.6,90.54284861950445,88.72358306500759,25.531736148515485,25.847379641578264,1.753217216754589,0.446637932493666,64.09625760157375,64.60312523287382
39.9,87.70517338833882,88.60274293901486,26.109944373449334,25.96814420757578,1.753217216754589,0.446637932493666,64.09625760157375,64.60312523287382
40.199999999999996,,88.66193177755086,26.143714669186068,26.07767784824436,1.753217216754589,0.446637932493666,64.09625760157375,64.60312523287382
40.5,87.9061221249941,88.5533163102433,27.551992095551324,26.37742525103813,1.753217216754589,0.446637932493666,64.09625760157375,64.60312523287382
40.8,83.94733551712383,87.67747501694592,26.841438492566375,26.541871209315488,1.753217216754589,0.446637932493666,64.09625760157375,64.60312523287382
41.1,85.1789144568106,87.17509749367173,26.196834093201844,26.5913474882801,1.753217216754589,0.446637932493666,64.09625760157375,64.60312523287382
41.4,87.92497400175824,87.26255114715642,26.20331372709053,26.630473767831663,1.753217216754589,0.446637932493666,64.09625760157375,64.60312523287382
41.699999999999996,87.45014376364261,87.25360833609056,27.534833426650774,26.853780773751883,1.753217216754589,0.446637932493666,64.09625760157375,64.60312523287382
42.0,85.95065443382592,86.97675138287921,29.768558885916224,27.37749311455959,1.753217216754589,0.446637932493666,64.09625760157375,64.60312523287382
42.3,88.81904475956793,87.25116622888737,26.5881052818391,27.38538399577042,1.753217216754589,0.446637932493666,64.09625760157375,64.60312523287382
42.6,77.36660811344714,85.46158653784731,29.797587410821816,27.852221667043136,1.753217216754589,0.446637932493666,64.09625760157375,64.60312523287382
42.9,84.0854509086494,85.06896732705746,28.46575599834758,28.07669343054527,1.753217216754589,0.446637932493666,64.09625760157375,64.60312523287382
43.199999999999996,86.7573941349109,85.20189745283999,26.778388442812826,28.026207359497437,1.753217216754589,0.446637932493666,64.09625760157375,64.60312523287382
43.5,86.27696947351531,85.24858561497824,28.875168826536253,28.276159221045678,1.753217216754589,0.446637932493666,64.09625760157375,64.60312523287382
43.8,85.9988040361928,85.2527348375375,28.43823157312489,28.43206908443662,1.753217216754589,0.446637932493666,64.09625760157375,64.60312523287382
44.1,78.30244412164295,83.92273673876403,29.964386611273213,28.787988663431985,1.753217216754589,0.446637932493666,64.09625760157375,64.60312523287382
44.4,83.77885416207778,83.70063266677079,28.99184247638106,28.962214005417454,1.753217216754589,0.446637932493666,64.09625760157375,64.60312523287382
44.699999999999996,85.2956425997621,83.78288328862526,28.795744822204515,29.082708110220793,1.753217216754589,0.446637932493666,64.09625760157375,64.60312523287382
45.0,86.3214596553494,84.05130890421871,30.661707896462914,29.45493509454905,1.753217216754589,0.446637932493666,64.09625760157375,64.60312523287382
45.3,85.246664537335,84.1181702371581,28.26145377020794,29.43507216348736,1.753217216754589,0.446637932493666,64.09625760157375,64.60312523287382
45.6,87.92960994836616,84.65737553004143,28.28925094902999,29.410037452715017,1.753217216754589,0.446637932493666,64.09625760157375,64.60312523287382
45.9,87.5542746381958,85.08427393682905,28.506575646325018,29.40878720248176,1.753217216754589,0.446637932493666,64.09625760157375,64.60312523287382
46.199999999999996,83.43813042110168,84.75459928463258,29.28052231192307,29.51133109266872,1.753217216754589,0.446637932493666,64.09625760157375,64.60312523287382
46.5,85.65627102371649,84.85024665482649,29.41219851553826,29.61574112382223,1.753217216754589,0.446637932493666,64.09625760157375,64.60312523287382
46.8,87.1480999732561,85.20099917740379,28.602609744075185,29.584677962153908,1.753217216754589,0.446637932493666,64.09625760157375,64.60312523287382
47.1,89.02306606046065,85.8456302172881,30.302381458260964,29.79602986545244,1.753217216754589,0.446637932493666,64.09625760157375,64.60312523287382
47.4,86.7852950780279,86.03332920336602,30.582704997697633,30.0226779414944,1.753217216754589,0.446637932493666,64.09625760157375,64.60312523287382
47.699999999999996,83.31208822871423,85.59339787120642,28.848890806168065,29.969043100877453,1.753217216754589,0.446637932493666,64.09625760157375,64.60312523287382
48.0,59.60486361286635,81.06301648332062,29.015379648250043,29.935954596266836,1.753217216754589,0.446637932493666,64.09625760157375,64.60312523287382
48.3,84.13151546453021,81.29105536011517,30.754760614121032,30.151991889273113,1.753217216754589,0.446637932493666,64.09625760157375,64.60312523287382
48.6,56.176550548948,76.64560454325125,30.505427465413593,30.306350721422085,1.753217216754589,0.446637932493666,64.09625760157375,64.60312523287382
48.9,87.25056819617957,77.93399956681542,30.230587825106266,30.400138136242077,1.753217216754589,0.446637932493666,64.09625760157375,64.60312523287382
49.199999999999996,85.5481854519687,78.83483613906567,28.848271107106775,30.276781466013514,1.753217216754589,0.446637932493666,64.09625760157375,64.60312523287382
49.5,85.19289470803213,79.61313683073844,30.637280847642707,30.417716060460464,1.753217216754589,0.446637932493666,64.09625760157375,64.60312523287382
49.8,86.3296270855744,80.53407483511438,30.8616429338718,30.573092993349235,1.753217216754589,0.446637932493666,64.09625760157375,64.60312523287382
50.1,88.13578819674451,81.69256455911348,30.40935520907174,30.64278131242096,1.753217216754589,0.446637932493666,64.09625760157375,64.60312523287382
50.4,82.03594912455056,81.67846140033556,30.402749293486103,30.69892495306114,1.753217216754589,0.446637932493666,64.09625760157375,64.60312523287382
50.699999999999996,81.45557042355159,81.57079540264343,29.005340109926102,30.53990684425757,1.753217216754589,0.446637932493666,64.09625760157375,64.60312523287382
51.0,81.08312662888025,81.41532799853262,29.7796432013828,30.501222499295483,1.753217216754589,0.446637932493666,64.09625760157375,64.60312523287382
51.3,83.15885713374672,81.64393447516153,30.508436286712957,30.567072272670345,1.753217216754589,0.446637932493666,64.09625760157375,64.60312523287382
51.6,83.08806143576759,81.84212325116214,30.239227732183377,30.583424693617577,1.753217216754589,0.446637932493666,64.09625760157375,64.60312523287382
51.9,82.45867996749423,81.91399181336317,30.443558828492424,30.623650435144974,1.753217216754589,0.446637932493666,64.09625760157375,64.60312523287382
52.199999999999996,83.3409802987191,82.13491059744588,29.738397977008297,30.553249055070637,1.753217216754589,0.446637932493666,64.09625760157375,64.60312523287382
52.5,82.0605635151379,82.11153612653312,30.258523831000478,30.560597595758324,1.753217216754589,0.446637932493666,64.09625760157375,64.60312523287382
52.8,82.7761457237925,82.21619553177469,30.042739041294794,30.53226549734599,1.753217216754589,0.446637932493666,64.09625760157375,64.60312523287382
53.1,83.26573105556874,82.39597291993869,29.912760429125964,30.484043186674164,1.753217216754589,0.446637932493666,64.09625760157375,64.60312523287382
53.4,80.97892874297894,82.15844441131388,30.188482036249425,30.477187793240297,1.753217216754589,0.446637932493666,64.09625760157375,64.60312523287382
53.699999999999996,81.62001043223869,82.05706683438562,29.621762263480363,30.38565431666703,1.753217216754589,0.446637932493666,64.09625760157375,64.60312523287382
54.0,83.06891041879905,82.2195417561979,29.865812417763383,30.335196083864766,1.753217216754589,0.446637932493666,64.09625760157375,64.60312523287382
54.3,81.92057850218664,82.16581617271476,29.569802140972982,30.244057166026586,1.753217216754589,0.446637932493666,64.09625760157375,64.60312523287382
54.6,84.14249291262618,82.50508799334594,30.630097441845333,30.313968032754516,1.753217216754589,0.446637932493666,64.09625760157375,64.60312523287382
54.9,82.90236375299831,82.59268176147594,32.65821106883275,30.672884927752918,1.753217216754589,0.446637932493666,64.09625760157375,64.60312523287382
55.199999999999996,88.47207613960626,83.63995738985399,30.171451511063232,30.63707596840462,1.753217216754589,0.446637932493666,64.09625760157375,64.60312523287382
55.5,80.44728464134583,83.17589777619361,28.813932320340363,30.4035928914377,1.753217216754589,0.446637932493666,64.09625760157375,64.60312523287382
55.8,82.9683187546263,83.19277107145184,29.530945933888788,30.292380518487956,1.753217216754589,0.446637932493666,64.09625760157375,64.60312523287382
56.1,83.48063821856137,83.2927483547683,28.590381155920205,30.052282099445367,1.753217216754589,0.446637932493666,64.09625760157375,64.60312523287382
56.4,79.51432378731162,82.68689540446194,30.252792398925912,30.074691543439908,1.753217216754589,0.446637932493666,64.09625760157375,64.60312523287382
56.699999999999996,79.28103781890293,82.10037687764807,29.692631748665253,30.0139329774102,1.753217216754589,0.446637932493666,64.09625760157375,64.60312523287382
57.0,82.69063048592068,82.16965129927748,30.321768984690987,30.050523701073292,1.753217216754589,0.446637932493666,64.09625760157375,64.60312523287382
57.3,81.9910444862487,82.11244129608639,29.477829546763783,29.961430697085554,1.753217216754589,0.446637932493666,64.09625760157375,64.60312523287382
57.599999999999994,82.24535553101023,82.10776795717035,28.76064824779443,29.77569067800722,1.753217216754589,0.446637932493666,64.09625760157375,64.60312523287382
57.9,80.78182135720039,81.85087268220016,28.69726874844825,29.597317520286897,1.753217216754589,0.446637932493666,64.09625760157375,64.60312523287382
58.199999999999996,77.33109290583376,81.02210868104089,26.33723261058759,29.091297849738037,1.753217216754589,0.446637932493666,64.09625760157375,64.60312523287382
58.5,82.84373082072915,81.24526800791185,29.64041842138457,29.112658538302252,1.753217216754589,0.446637932493666,64.09625760157375,64.60312523287382
58.8,84.26201026918349,81.6996374399536,31.806659689451017,29.452451810172043,1.753217216754589,0.446637932493666,64.09625760157375,64.60312523287382
59.099999999999994,80.45840236786181,81.44889292269524,29.327588157995972,29.405243044983276,1.753217216754589,0.446637932493666,64.09625760157375,64.60312523287382
59.4,80.69981888595365,81.26967350855439,28.339398482672276,29.219924617618968,1.753217216754589,0.446637932493666,64.09625760157375,64.60312523287382
59.699999999999996,77.27777173822147,80.51722080327787,30.805133322819486,29.412348064936847,1.753217216754589,0.446637932493666,64.09625760157375,64.60312523287382
60.0,76.6793399108751,79.74506105913575,28.58398013864183,29.26697497259739,1.753217216754589,0.446637932493666,64.09625760157375,64.60312523287382
60.3,77.91147860429565,79.27809148394034,28.63880475071659,29.143757564661165,1.753217216754589,0.446637932493666,64.09625760157375,64.60312523287382
60.599999999999994,81.07187346857205,79.42353548144897,26.608726453201832,28.737074898326302,1.753217216754589,0.446637932493666,64.09625760157375,64.60312523287382
60.9,76.10529899009143,78.7019206614404,28.937683770409745,28.70758384725193,1.753217216754589,0.446637932493666,64.09625760157375,64.60312523287382
61.199999999999996,80.38140097532751,78.81382324351426,28.050434332690056,28.555306777595202,1.753217216754589,0.446637932493666,64.09625760157375,64.60312523287382
61.5,79.59653580988738,78.79199173725821,28.372976227817144,28.467098385535397,1.753217216754589,0.446637932493666,64.09625760157375,64.60312523287382
61.8,,78.61439030130344,28.11866115347187,28.353679304240668,1.753217216754589,0.446637932493666,64.09625760157375,64.60312523287382
62.099999999999994,78.82602909855277,78.5156534325903,27.927802186940998,28.22653192783705,1.753217216754589,0.446637932493666,64.09625760157375,64.60312523287382
62.4,78.4147505715043,78.35824602608835,26.799331980315667,27.950185586347573,1.753217216754589,0.446637932493666,64.09625760157375,64.60312523287382
62.699999999999996,76.42925194237449,77.85258237779841,27.93848872823354,27.86849732498223,1.753217216754589,0.446637932493666,64.09625760157375,64.60312523287382
63.0,81.43018877323365,78.36026148379844,27.925747176796538,27.797592905249257,1.753217216754589,0.446637932493666,64.09625760157375,64.60312523287382
63.3,78.39205187900407,78.25139151813397,27.796780189792994,27.719540186250843,1.753217216754589,0.446637932493666,64.09625760157375,64.60312523287382
63.599999999999994,75.50458653711266,77.64121978074161,27.059240975579172,27.546053726661448,1.753217216754589,0.446637932493666,64.09625760157375,64.60312523287382
63.9,73.41143565057405,76.73923705725862,28.086950046652664,27.54281492086851,1.753217216754589,0.446637932493666,64.09625760157375,64.60312523287382
64.2,76.11656949976043,76.43576722713635,27.717427102360798,27.49175044630954,1.753217216754589,0.446637932493666,64.09625760157375,64.60312523287382
64.5,,76.1956738990016,27.555837365962077,27.426889999563905,1.753217216754589,0.446637932493666,64.09625760157375,64.60312523287382
64.8,77.37963913541022,76.24722002376647,27.902683590625628,27.423437856213383,1.753217216754589,0.446637932493666,64.09625760157375,64.60312523287382
65.1,86.86050087386832,78.16797844998523,26.851527491221706,27.272057259300393,1.753217216754589,0.446637932493666,64.09625760157375,64.60312523287382
65.39999999999999,76.40943902324234,77.79391450377773,27.856078789563878,27.28500434465852,1.753217216754589,0.446637932493666,64.09625760157375,64.60312523287382
65.7,78.69144480411585,77.90331922112306,28.166822143456844,27.347306272795507,1.753217216754589,0.446637932493666,64.09625760157375,64.60312523287382
66.0,73.88786753231985,77.11851893059381,27.64902834151586,27.333428655317075,1.753217216754589,0.446637932493666,64.09625760157375,64.60312523287382
66.3,78.68564055420708,77.30757338477915,26.46185505148363,27.15160545732009,1.753217216754589,0.446637932493666,64.09625760157375,64.60312523287382
66.6,72.33698007645934,76.34221456402716,27.218533558178855,27.099600959855284,1.753217216754589,0.446637932493666,64.09625760157375,64.60312523287382
66.89999999999999,73.2994365613008,75.66866516299814,,27.028715698622953,1.753217216754589,0.446637932493666,64.09625760157375,64.60312523287382
67.2,74.4012747907532,75.2776433407454,26.95367658009206,26.957139757189466,1.753217216754589,0.446637932493666,64.09625760157375,64.60312523287382
67.5,78.15286191679242,75.60311957863706,26.746051660097322,26.86343871415445,1.753217216754589,0.446637932493666,64.09625760157375,64.60312523287382
67.8,72.8507088747964,74.97722887480352,27.04263751936112,26.83100354887825,1.753217216754589,0.446637932493666,64.09625760157375,64.60312523287382
68.1,75.4695200447404,74.88923830386756,27.122383836251945,26.81780909025173,1.753217216754589,0.446637932493666,64.09625760157375,64.60312523287382
68.39999999999999,69.04784599061787,73.70334210696417,26.931622195091617,26.779716433559717,1.753217216754589,0.446637932493666,64.09625760157375,64.60312523287382
68.7,69.0716655809366,72.66258583324743,25.581881450871766,26.542827886626863,1.753217216754589,0.446637932493666,64.09625760157375,64.60312523287382
69.0,74.0250877494921,72.61600994120077,26.16416119639194,26.421208485210766,1.753217216754589,0.446637932493666,64.09625760157375,64.60312523287382
69.3,70.42879166902739,71.97069713832605,27.933513986196996,26.580635461149786,1.753217216754589,0.446637932493666,64.09625760157375,64.60312523287382
69.6,71.31391738647277,71.57006047076938,29.28093961410669,26.929491510680453,1.753217216754589,0.446637932493666,64.09625760157375,64.60312523287382
69.89999999999999,,71.21904664111243,28.94804622946362,27.19962300540103,1.753217216754589,0.446637932493666,64.09625760157375,64.60312523287382
70.2,73.7754766659092,71.4575227672374,25.91345142119375,26.999090713189524,1.753217216754589,0.446637932493666,64.09625760157375,64.60312523287382
70.5,72.58542774443963,71.43520997849922,27.32920220794133,27.025626200562364,1.753217216754589,0.446637932493666,64.09625760157375,64.60312523287382
70.8,71.44977672171134,71.2112282105545,26.305390208255805,26.90108180168751,1.753217216754589,0.446637932493666,64.09625760157375,64.60312523287382
71.1,71.87841935159928,71.11166505721367,26.679891448111597,26.843662639347134,1.753217216754589,0.446637932493666,64.09625760157375,64.60312523287382
71.39999999999999,71.30846094632827,70.93425759622052,27.704629392036782,26.942852638531296,1.753217216754589,0.446637932493666,64.09625760157375,64.60312523287382
71.7,69.707463012532,70.50336292988577,29.353507802375837,27.276199125780526,1.753217216754589,0.446637932493666,64.09625760157375,64.60312523287382
72.0,72.49618022200194,70.63977170103287,27.81426383863618,27.357298161447158,1.753217216754589,0.446637932493666,64.09625760157375,64.60312523287382
72.3,70.98597815365639,70.5070667979231,28.380653208357245,27.51391595038621,1.753217216754589,0.446637932493666,64.09625760157375,64.60312523287382
72.6,69.32300762249423,70.11023656701215,27.31228792709128,27.500676163963746,1.753217216754589,0.446637932493666,64.09625760157375,64.60312523287382
72.89999999999999,73.90044335328066,70.57783697084346,26.6025550553034,27.38386109455454,1.753217216754589,0.446637932493666,64.09625760157375,64.60312523287382
73.2,69.15528129077306,70.1768377853937,26.816163377273384,27.30719308988167,1.753217216754589,0.446637932493666,64.09625760157375,64.60312523287382
73.5,70.74772546164034,70.11040136150729,28.403073790320178,27.46820560990894,1.753217216754589,0.446637932493666,64.09625760157375,64.60312523287382
73.8,72.06890435642681,70.29524209851509,26.927570497887274,27.40006853821112,1.753217216754589,0.446637932493666,64.09625760157375,64.60312523287382
74.1,68.91733308390641,69.9229933063435,27.275524058249015,27.387765957988112,1.753217216754589,0.446637932493666,64.09625760157375,64.60312523287382
74.39999999999999,71.87889825227222,70.11778122775945,29.981396323980924,27.771040224370598,1.753217216754589,0.446637932493666,64.09625760157375,64.60312523287382
74.7,68.39042514952591,69.69566806898737,32.79114911840207,28.531398255425447,1.753217216754589,0.446637932493666,64.09625760157375,64.60312523287382
75.0,71.65883644012463,69.89807541104749,27.89116872432569,28.50958868922886,1.753217216754589,0.446637932493666,64.09625760157375,64.60312523287382
75.3,68.45376492123503,69.53189871038244,28.155654415031826,28.523170334476276,1.753217216754589,0.446637932493666,64.09625760157375,64.60312523287382
75.6,65.28304562117917,68.66140513210631,28.79015656871708,28.623595500034522,1.753217216754589,0.446637932493666,64.09625760157375,64.60312523287382
75.89999999999999,68.31111667955727,68.42180717822585,29.161415353376405,28.765284284485993,1.753217216754589,0.446637932493666,64.09625760157375,64.60312523287382
76.2,69.47662640498704,68.42554815626816,29.151952811528204,28.889004577924094,1.753217216754589,0.446637932493666,64.09625760157375,64.60312523287382
76.5,67.90285789013623,68.16942417344191,29.612205933564756,29.064576301607545,1.753217216754589,0.446637932493666,64.09625760157375,64.60312523287382
76.8,69.20915108613977,68.18184884505857,28.785837330908823,29.099536960055694,1.753217216754589,0.446637932493666,64.09625760157375,64.60312523287382
77.1,68.37858458680537,68.06209483813913,30.511374084814086,29.378057791604686,1.753217216754589,0.446637932493666,64.09625760157375,64.60312523287382
77.39999999999999,64.199399308607,67.23915006877874,30.05041361972252,29.560341495532153,1.753217216754589,0.446637932493666,64.09625760157375,64.60312523287382
77.7,64.09413161944575,66.49759107306186,28.642814910695666,29.51560066567827,1.753217216754589,0.446637932493666,64.09625760157375,64.60312523287382
78.0,65.91855093838399,66.16882082663656,29.03586999240627,29.525747451864028,1.753217216754589,0.446637932493666,64.09625760157375,64.60312523287382
78.3,,65.88853619922028,29.103790729600387,29.539265695822266,1.753217216754589,0.446637932493666,64.09625760157375,64.60312523287382
78.6,64.63843375847976,65.41164318631978,29.41246104709741,29.5913661820497,1.753217216754589,0.446637932493666,64.09625760157375,64.60312523287382
78.89999999999999,63.2163707266691,64.7429579369348,28.881375461859744,29.55649741227616,1.753217216754589,0.446637932493666,64.09625760157375,64.60312523287382
79.2,66.18759539808443,64.75463415678358,30.521185790712302,29.759079761265507,1.753217216754589,0.446637932493666,64.09625760157375,64.60312523287382
79.5,62.27204025671917,64.04765022021073,30.910823234053403,29.996835405637565,1.753217216754589,0.446637932493666,64.09625760157375,64.60312523287382
79.8,65.16133241123765,63.981072467704976,31.253171686810187,30.25929743904221,1.753217216754589,0.446637932493666,64.09625760157375,64.60312523287382
80.1,66.71213989451363,64.22118460840733,29.668609594882614,30.26246963397359,1.753217216754589,0.446637932493666,64.09625760157375,64.60312523287382
80.39999999999999,64.04606429555436,63.971220538976915,29.227787572778713,30.194711745478987,1.753217216754589,0.446637932493666,64.09625760157375,64.60312523287382
80.7,66.04882701780065,64.12248928957717,32.05804825205119,30.539886372337126,1.753217216754589,0.446637932493666,64.09625760157375,64.60312523287382
81.0,66.77144999454754,64.39985505268204,30.57595516651324,30.63408752471967,1.753217216754589,0.446637932493666,64.09625760157375,64.60312523287382
81.3,63.362299599154724,64.06084917722418,32.02717866411988,30.925717815823056,1.753217216754589,0.446637932493666,64.09625760157375,64.60312523287382
81.6,68.55356501951512,64.6814407432515,33.346338907525094,31.378671937980084,1.753217216754589,0.446637932493666,64.09625760157375,64.60312523287382
81.89999999999999,62.51777076962573,64.19177671442144,32.020751182089,31.592418520493634,1.753217216754589,0.446637932493666,64.09625760157375,64.60312523287382
82.2,60.6352059577811,63.435504533318934,30.854880900335274,31.60927035146155,1.753217216754589,0.446637932493666,64.09625760157375,64.60312523287382
82.5,63.538468463313784,63.27796685578294,31.10746448638128,31.652727127118805,1.753217216754589,0.446637932493666,64.09625760157375,64.60312523287382
82.8,60.88787471536791,62.68954905966315,30.653379322993203,31.617948026041045,1.753217216754589,0.446637932493666,64.09625760157375,64.60312523287382
83.1,62.42227013462527,62.44533323590282,31.93054515989623,31.76464449233443,1.753217216754589,0.446637932493666,64.09625760157375,64.60312523287382
83.39999999999999,60.50338006108896,61.90897622273639,31.614174730375684,31.845483814463968,1.753217216754589,0.446637932493666,64.09625760157375,64.60312523287382
83.7,66.03997708280178,62.410640531222015,32.58313303169594,32.05352807653175,1.753217216754589,0.446637932493666,64.09625760157375,64.60312523287382
84.0,58.93691853364782,61.63930490717463,32.02084810649659,32.15463765922723,1.753217216754589,0.446637932493666,64.09625760157375,64.60312523287382
84.3,62.116532959178635,61.51762396042836,32.71284178474595,32.34058666157574,1.753217216754589,0.446637932493666,64.09625760157375,64.60312523287382
84.6,62.200063064608145,61.44033843944983,31.755827251498136,32.363600985189755,1.753217216754589,0.446637932493666,64.09625760157375,64.60312523287382
84.89999999999999,59.0601738044938,60.84014695987717,32.38119387345825,32.46823060081293,1.753217216754589,0.446637932493666,64.09625760157375,64.60312523287382
85.2,58.79106444952697,60.27203169737117,32.39261184826938,32.558359532089796,1.753217216754589,0.446637932493666,64.09625760157375,64.60312523287382
85.5,58.06314873028339,59.654730875429145,33.923246860011524,32.856973662492535,1.753217216754589,0.446637932493666,64.09625760157375,64.60312523287382
85.8,60.62356025995557,59.568517542210685,,32.98631488628145,1.753217216754589,0.446637932493666,64.09625760157375,64.60312523287382
86.1,64.44894313625738,60.17943676454861,33.20578849322001,33.13064282070523,1.753217216754589,0.446637932493666,64.09625760157375,64.60312523287382
86.39999999999999,61.821508966236,60.287203479175794,34.40244109922389,33.44645053291691,1.753217216754589,0.446637932493666,64.09625760157375,64.60312523287382
86.7,59.47216212566517,59.98867356295748,33.40437291252384,33.56024017187536,1.753217216754589,0.446637932493666,64.09625760157375,64.60312523287382
87.0,50.0,58.083483593310845,34.77243395754842,33.86919018258077,1.753217216754589,0.446637932493666,64.09625760157375,64.60312523287382
87.3,64.55806536954054,58.93202334667309,31.86198232918582,33.688608173550676,1.753217216754589,0.446637932493666,64.09625760157375,64.60312523287382
87.6,55.00207852501811,58.047748400485865,32.6067953278084,33.63357502052595,1.753217216754589,0.446637932493666,64.09625760157375,64.60312523287382
87.89999999999999,57.20482420867872,57.65780128012452,33.4358614951793,33.703038967156694,1.753217216754589,0.446637932493666,64.09625760157375,64.60312523287382
88.2,56.692678655703716,57.24004722952474,33.88104683740945,33.82638604857146,1.753217216754589,0.446637932493666,64.09625760157375,64.60312523287382
88.5,60.478002871947226,57.546991037800915,32.308141508141745,33.69768828743956,1.753217216754589,0.446637932493666,64.09625760157375,64.60312523287382
88.8,53.26671210352177,56.585726888555584,32.922610307096065,33.665915983461474,1.753217216754589,0.446637932493666,64.09625760157375,64.60312523287382
89.1,56.479952286515775,56.30431094540873,34.17184639083732,33.815955484580996,1.753217216754589,0.446637932493666,64.09625760157375,64.60312523287382
89.39999999999999,61.14351128628824,56.887190086029456,,33.90871522410737,1.753217216754589,0.446637932493666,64.09625760157375,64.60312523287382
89.7,56.41310921471922,56.60527855008474,33.020640629107966,33.83736042516543,1.753217216754589,0.446637932493666,64.09625760157375,64.60312523287382
90.0,54.46651055705059,56.03051350821497,32.553329825476915,33.695973862573524,1.753217216754589,0.446637932493666,64.09625760157375,64.60312523287382
90.3,55.956197997081645,55.793031198945805,33.099434779761665,33.65613381943538,1.753217216754589,0.446637932493666,64.09625760157375,64.60312523287382
90.6,56.452915004895644,55.68583141499378,35.8972987625708,34.05709849982148,1.753217216754589,0.446637932493666,64.09625760157375,64.60312523287382
90.89999999999999,57.05844275863586,55.713846417782996,35.544233224757576,34.3564277233822,1.753217216754589,0.446637932493666,64.09625760157375,64.60312523287382
91.2,58.337271822294404,55.97913373733877,32.059557947739336,34.088243026251845,1.753217216754589,0.446637932493666,64.09625760157375,64.60312523287382
91.5,52.84645472283526,55.27530001106761,34.569889964273514,34.22212091273811,1.753217216754589,0.446637932493666,64.09625760157375,64.60312523287382
91.8,56.828210248512384,55.35302779003961,,34.29838439617354,1.753217216754589,0.446637932493666,64.09625760157375,64.60312523287382
92.1,60.51476289675747,56.08077696594327,,34.374647879608965,1.753217216754589,0.446637932493666,64.09625760157375,64.60312523287382
92.39999999999999,50.0,54.913261914723485,34.98529751128963,34.553620644230925,1.753217216754589,0.446637932493666,64.09625760157375,64.60312523287382
92.7,56.38465584349706,54.99109112025365,34.27610637806235,34.571142116202644,1.753217216754589,0.446637932493666,64.09625760157375,64.60312523287382
93.0,52.50693131020238,54.39970513228609,34.636731003021836,34.64765220651308,1.753217216754589,0.446637932493666,64.09625760157375,64.60312523287382
93.3,50.705401093664875,53.570262812595054,34.53709532507304,34.6945196449195,1.753217216754589,0.446637932493666,64.09625760157375,64.60312523287382
93.6,52.933643547576644,53.23244507794004,35.31101665195282,34.8590964617976,1.753217216754589,0.446637932493666,64.09625760157375,64.60312523287382
93.89999999999999,50.0,52.4380250989756,33.530147493865584,34.71698098511723,1.753217216754589,0.446637932493666,64.09625760157375,64.60312523287382
94.2,50.0,51.74699940699798,32.19298666024147,34.38017957829658,1.753217216754589,0.446637932493666,64.09625760157375,64.60312523287382
94.5,50.42679581986615,51.22564742482548,34.08345619150104,34.36853442954605,1.753217216754589,0.446637932493666,64.09625760157375,64.60312523287382
94.8,52.1337396724928,51.08108619893605,33.917396492863354,34.33116821594699,1.753217216754589,0.446637932493666,64.09625760157375,64.60312523287382
95.1,50.342967227941614,50.664805988644765,32.05391274784414,34.016295831330595,1.753217216754589,0.446637932493666,64.09625760157375,64.60312523287382
95.39999999999999,50.298934319899274,50.30876370139938,30.63275880049077,33.51917317297092,1.753217216754589,0.446637932493666,64.09625760157375,64.60312523287382
95.7,52.5595032163622,50.40851068811233,31.734910424193707,33.231994146487274,1.753217216754589,0.446637932493666,64.09625760157375,64.60312523287382
96.0,50.0,50.07580298668863,33.956312486251946,33.300178210154314,1.753217216754589,0.446637932493666,64.09625760157375,64.60312523287382
96.3,50.15899702079231,49.8276830759699,32.46111300843549,33.14513296706666,1.753217216754589,0.446637932493666,64.09625760157375,64.60312523287382
96.6,51.51628015545906,49.86405642750053,33.61833316969322,33.17561523738404,1.753217216754589,0.446637932493666,64.09625760157375,64.60312523287382
96.89999999999999,50.0,49.65362730573607,31.365047144304974,32.876393737373355,1.753217216754589,0.446637932493666,64.09625760157375,64.60312523287382
97.2,50.0,49.48484102405377,31.58129613579181,32.63720163534936,1.753217216754589,0.446637932493666,64.09625760157375,64.60312523287382
97.5,50.0,49.352866658376904,33.37764454024546,32.68458377985313,1.753217216754589,0.446637932493666,64.09625760157375,64.60312523287382
97.8,50.0,49.25318613265416,32.130249753026476,32.54999652716176,1.753217216754589,0.446637932493666,64.09625760157375,64.60312523287382
98.1,50.0,49.181604623184235,32.54297210428614,32.49099934137148,1.753217216754589,0.446637932493666,64.09625760157375,64.60312523287382
98.39999999999999,51.00753223857197,49.30981164808133,31.661467169154314,32.312426958288555,1.753217216754589,0.446637932493666,64.09625760157375,64.60312523287382
98.7,50.0,49.26451496405378,32.43437068245028,32.26606244146658,1.753217216754589,0.446637932493666,64.09625760157375,64.60312523287382
99.0,50.0,49.23767842224688,33.421799414931456,32.37244881843642,1.753217216754589,0.446637932493666,64.09625760157375,64.60312523287382
99.3,50.192770655646086,49.260060287281476,30.347566805179852,32.025092333671104,1.753217216754589,0.446637932493666,64.09625760157375,64.60312523287382
99.6,54.107576063791335,49.9740773785849,30.80064363564119,31.777251236408524,1.753217216754589,0.446637932493666,64.09625760157375,64.60312523287382
99.89999999999999,50.06498446327332,49.91867079333061,30.76298041772037,31.549975554619163,1.753217216754589,0.446637932493666,64.09625760157375,64.60312523287382
100.2,51.19617518413086,50.07212468667386,31.028518789887908,31.386542475827852,1.753217216754589,0.446637932493666,64.09625760157375,64.60312523287382
100.5,,50.00794818388117,30.871935790111362,31.220395017049203,1.753217216754589,0.446637932493666,64.09625760157375,64.60312523287382
100.8,50.0,49.95516418694452,32.059724293871746,31.248492091953114,1.753217216754589,0.446637932493666,64.09625760157375,64.60312523287382
101.1,50.0,49.91309989309467,32.26427457202628,31.310782265830248,1.753217216754589,0.446637932493666,64.09625760157375,64.60312523287382
101.39999999999999,50.0,49.87988241051003,29.106226620537363,30.912373007604515,1.753217216754589,0.446637932493666,64.09625760157375,64.60312523287382
101.7,50.0,49.854110362903924,30.121080168782743,30.70176905065685,1.753217216754589,0.446637932493666,64.09625760157375,64.60312523287382
102.0,50.492431234314594,49.92504680281015,31.5093322127821,30.718758109140037,1.753217216754589,0.446637932493666,64.09625760157375,64.60312523287382
102.3,50.0,49.900667205286766,32.03313053509673,30.81796307750521,1.753217216754589,0.446637932493666,64.09625760157375,64.60312523287382
102.6,50.0,49.88187247086414,30.43799065238122,30.68222357713324,1.753217216754589,0.446637932493666,64.09625760157375,64.60312523287382
102.89999999999999,50.91887536039811,50.03115927542262,30.12400432192865,30.517925012025128,1.753217216754589,0.446637932493666,64.09625760157375,64.60312523287382
103.2,50.26107099393583,50.0495489873153,30.618669013440638,30.44579715349841,1.753217216754589,0.446637932493666,64.09625760157375,64.60312523287382
103.5,78.52440056740518,55.03579966658834,30.014407264059052,30.29774540646799,1.753217216754589,0.446637932493666,64.09625760157375,64.60312523287382
103.8,51.20729973989672,54.68220484050649,30.806127336030908,30.283992877583216,1.753217216754589,0.446637932493666,64.09625760157375,64.60312523287382
104.1,,55.006559596789145,27.990219127651457,29.86649795652157,1.753217216754589,0.446637932493666,64.09625760157375,64.60312523287382
104.39999999999999,50.0,54.24826360611249,29.286099417280507,29.679772351450854,1.753217216754589,0.446637932493666,64.09625760157375,64.60312523287382
104.7,52.565948863017795,54.1083750310001,29.820095919984038,29.594195580656507,1.753217216754589,0.446637932493666,64.09625760157375,64.60312523287382
105.0,,54.31480529705307,28.509681585285545,29.33215691102033,1.753217216754589,0.446637932493666,64.09625760157375,64.60312523287382
105.3,51.774546399890326,53.916760295069196,30.091223070918716,29.330723847524247,1.753217216754589,0.446637932493666,64.09625760157375,64.60312523287382
105.6,50.0,53.22647263059399,29.82315112422195,29.298226174168096,1.753217216754589,0.446637932493666,64.09625760157375,64.60312523287382
105.89999999999999,50.0,52.65660011143484,28.571552139829265,29.093220693610792,1.753217216754589,0.446637932493666,64.09625760157375,64.60312523287382
106.2,50.0,52.1769676422666,28.87226572636512,28.956634794757587,1.753217216754589,0.446637932493666,64.09625760157375,64.60312523287382
106.5,,52.17643094419702,29.931261290693865,28.99366057689761,1.753217216754589,0.446637932493666,64.09625760157375,64.60312523287382
106.8,50.0,51.70556873218522,28.70090428942873,28.855413995052675,1.753217216754589,0.446637932493666,64.09625760157375,64.60312523287382
107.1,50.88157924705712,51.50694834204455,28.338116328104377,28.68280364942391,1.753217216754589,0.446637932493666,64.09625760157375,64.60312523287382
107.39999999999999,50.0,51.170243680323516,28.44650030300534,28.54763815555489,1.753217216754589,0.446637932493666,64.09625760157375,64.60312523287382
107.7,51.70484566673516,51.21384180081018,28.745422144091364,28.474772971800824,1.753217216754589,0.446637932493666,64.09625760157375,64.60312523287382
108.0,50.0,50.93662892219002,29.349494179186983,28.5034858550139,1.753217216754589,0.446637932493666,64.09625760157375,64.60312523287382
108.3,51.35275442084086,50.94730085823322,29.20970376070348,28.51635006251062,1.753217216754589,0.446637932493666,64.09625760157375,64.60312523287382
108.6,50.0,50.717076903472815,29.459615681477384,28.57096797457477,1.753217216754589,0.446637932493666,64.09625760157375,64.60312523287382
108.89999999999999,50.0,50.519182718972296,30.17385755696683,28.731020219988725,1.753217216754589,0.446637932493666,64.09625760157375,64.60312523287382
109.2,50.0,50.349688137005344,29.456617768841813,28.777964111422314,1.753217216754589,0.446637932493666,64.09625760157375,64.60312523287382
109.5,50.0,50.2054062117547,29.021208852857786,28.761534637384983,1.753217216754589,0.446637932493666,64.09625760157375,64.60312523287382
109.8,50.0,50.08363828817298,28.605887415929686,28.689581794081246,1.753217216754589,0.446637932493666,64.09625760157375,64.60312523287382
110.1,50.0,49.9820139152771,29.05834789868195,28.69328648305546,1.753217216754589,0.446637932493666,64.09625760157375,64.60312523287382
110.39999999999999,50.0,49.89839283585554,28.70906754365029,28.649255638109864,1.753217216754589,0.446637932493666,64.09625760157375,64.60312523287382
110.7,53.68911182744398,50.474674443303755,27.82703928274982,28.483562621087547,1.753217216754589,0.446637932493666,64.09625760157375,64.60312523287382
111.0,50.0,50.3527358888614,29.784755873328372,28.620932900575703,1.753217216754589,0.446637932493666,64.09625760157375,64.60312523287382
111.3,50.0,50.24700203506523,28.09863993995401,28.50424626496951,1.753217216754589,0.446637932493666,64.09625760157375,64.60312523287382
111.6,54.315537513118215,50.908982112016695,,28.451950413932245,1.753217216754589,0.446637932493666,64.09625760157375,64.60312523287382
111.89999999999999,50.32318142792493,50.8081287396647,28.233334040681207,28.371999693360948,1.753217216754589,0.446637932493666,64.09625760157375,64.60312523287382
112.2,,50.80128784418135,28.82214437764476,28.399698133343513,1.753217216754589,0.446637932493666,64.09625760157375,64.60312523287382
112.5,50.52083990700314,50.73892034797611,28.403402840550367,28.3594892742926,1.753217216754589,0.446637932493666,64.09625760157375,64.60312523287382
112.8,50.0,50.584715891996574,27.35192995325838,28.16128383724752,1.753217216754589,0.446637932493666,64.09625760157375,64.60312523287382
113.1,52.06024238095812,50.84813595054481,29.351641955263823,28.29569702346193,1.753217216754589,0.446637932493666,64.09625760157375,64.60312523287382
113.39999999999999,52.88796420688153,51.229672647197646,28.206838666963023,28.24399353154643,1.753217216754589,0.446637932493666,64.09625760157375,64.60312523287382
113.7,50.50367498838137,51.121410504802725,33.749512974629745,29.037073653792465,1.753217216754589,0.446637932493666,64.09625760157375,64.60312523287382
114.0,50.0,50.934209276138645,28.060478121093293,28.90147004684165,1.753217216754589,0.446637932493666,64.09625760157375,64.60312523287382
114.3,50.636908619865196,50.88332206969435,28.85084618371443,28.89593117079794,1.753217216754589,0.446637932493666,64.09625760157375,64.60312523287382
114.6,50.0,50.7250666736659,38.48145094527878,30.317258839411995,1.753217216754589,0.446637932493666,64.09625760157375,64.60312523287382
114.89999999999999,50.0,50.585294621381955,29.207272537583933,30.23943966645412,1.753217216754589,0.446637932493666,64.09625760157375,64.60312523287382
115.19999999999999,50.0,50.46227806601518,28.17049710950749,30.01052228883801,1.753217216754589,0.446637932493666,64.09625760157375,64.60312523287382
115.5,50.0,50.354530271265936,28.677529659752487,29.871368105617723,1.753217216754589,0.446637932493666,64.09625760157375,64.60312523287382
115.8,50.0,50.260728450925015,28.334461608311788,29.690425159457227,1.753217216754589,0.446637932493666,64.09625760157375,64.60312523287382
116.1,50.49331541493522,50.2658364761569,18.24686468727665,28.04702461974488,1.753217216754589,0.446637932493666,64.09625760157375,64.60312523287382
116.39999999999999,50.0,50.18718066371285,28.261218165632247,28.007524415872304,1.753217216754589,0.446637932493666,64.09625760157375,64.60312523287382
116.69999999999999,50.0,50.119581937168746,31.066455382640164,28.38600890205138,1.753217216754589,0.446637932493666,64.09625760157375,64.60312523287382
117.0,52.6731329127095,50.52806009555745,28.986632287350098,28.433127262551658,1.753217216754589,0.446637932493666,64.09625760157375,64.60312523287382
117.3,50.19247645008279,50.463698264882616,28.388601895393062,28.39178607957351,1.753217216754589,0.446637932493666,64.09625760157375,64.60312523287382
117.6,50.0,50.3731124665173,27.649582089090774,28.248605537771823,1.753217216754589,0.446637932493666,64.09625760157375,64.60312523287382
117.89999999999999,50.0,50.292949203155395,30.243333405195656,28.498611469516987,1.753217216754589,0.446637932493666,64.09625760157375,64.60312523287382
118.19999999999999,50.0,50.22254187096268,28.246421209325913,28.43877608275855,1.753217216754589,0.446637932493666,64.09625760157375,64.60312523287382
118.5,50.0,50.161202924912814,29.007443808360108,28.496741753877274,1.753217216754589,0.446637932493666,64.09625760157375,64.60312523287382
118.8,50.231105489145854,50.14852354208012,31.122908399151505,28.860279750773014,1.753217216754589,0.446637932493666,64.09625760157375,64.60312523287382
119.1,54.02090021652388,50.79994520115478,29.425013403063126,28.946368885385937,1.753217216754589,0.446637932493666,64.09625760157375,64.60312523287382
119.39999999999999,50.0,50.68315546037866,28.40071705722349,28.875333955039324,1.753217216754589,0.446637932493666,64.09625760157375,64.60312523287382
119.69999999999999,51.24219289685484,50.79346527131494,30.73053061710534,29.149854421233815,1.753217216754589,0.446637932493666,64.09625760157375,64.60312523287382
